"Time","monitor_lido_deposited_events_number{instance=""dot-monitor.prod.lido.mixbytes.io:80"", job=""monitor""}"
2022-06-30 02:00:00,578
2022-06-30 04:00:00,578
2022-06-30 06:00:00,578
2022-06-30 08:00:00,579
2022-06-30 10:00:00,579
2022-06-30 12:00:00,580
2022-06-30 14:00:00,582
2022-06-30 16:00:00,584
2022-06-30 18:00:00,586
2022-06-30 20:00:00,588
2022-06-30 22:00:00,589
2022-07-01 00:00:00,589
2022-07-01 02:00:00,589
2022-07-01 04:00:00,589
2022-07-01 06:00:00,589
2022-07-01 08:00:00,589
2022-07-01 10:00:00,591
2022-07-01 12:00:00,591
2022-07-01 14:00:00,592
2022-07-01 16:00:00,592
2022-07-01 18:00:00,594
2022-07-01 20:00:00,595
2022-07-01 22:00:00,595
2022-07-02 00:00:00,595
2022-07-02 02:00:00,595
2022-07-02 04:00:00,596
2022-07-02 06:00:00,598
2022-07-02 08:00:00,599
2022-07-02 10:00:00,600
2022-07-02 12:00:00,602
2022-07-02 14:00:00,602
2022-07-02 16:00:00,604
2022-07-02 18:00:00,607
2022-07-02 20:00:00,608
2022-07-02 22:00:00,610
2022-07-03 00:00:00,611
2022-07-03 02:00:00,612
2022-07-03 04:00:00,613
2022-07-03 06:00:00,614
2022-07-03 08:00:00,615
2022-07-03 10:00:00,615
2022-07-03 12:00:00,616
2022-07-03 14:00:00,616
2022-07-03 16:00:00,618
2022-07-03 18:00:00,618
2022-07-03 20:00:00,620
2022-07-03 22:00:00,620
2022-07-04 00:00:00,621
2022-07-04 02:00:00,625
2022-07-04 04:00:00,625
2022-07-04 06:00:00,625
2022-07-04 08:00:00,626
2022-07-04 10:00:00,626
2022-07-04 12:00:00,626
2022-07-04 14:00:00,629
2022-07-04 16:00:00,633
2022-07-04 18:00:00,634
2022-07-04 20:00:00,635
2022-07-04 22:00:00,638
2022-07-05 00:00:00,639
2022-07-05 02:00:00,639
2022-07-05 04:00:00,640
2022-07-05 06:00:00,642
2022-07-05 08:00:00,644
2022-07-05 10:00:00,645
2022-07-05 12:00:00,646
2022-07-05 14:00:00,649
2022-07-05 16:00:00,650
2022-07-05 18:00:00,651
2022-07-05 20:00:00,654
2022-07-05 22:00:00,656
2022-07-06 00:00:00,657
2022-07-06 02:00:00,658
2022-07-06 04:00:00,659
2022-07-06 06:00:00,661
2022-07-06 08:00:00,661
2022-07-06 10:00:00,662
2022-07-06 12:00:00,662
2022-07-06 14:00:00,663
2022-07-06 16:00:00,663
2022-07-06 18:00:00,664
2022-07-06 20:00:00,665
2022-07-06 22:00:00,665
2022-07-07 00:00:00,667
2022-07-07 02:00:00,668
2022-07-07 04:00:00,669
2022-07-07 06:00:00,670
2022-07-07 08:00:00,670
2022-07-07 10:00:00,670
2022-07-07 12:00:00,670
2022-07-07 14:00:00,670
2022-07-07 16:00:00,672
2022-07-07 18:00:00,672
2022-07-07 20:00:00,672
2022-07-07 22:00:00,672
2022-07-08 00:00:00,673
2022-07-08 02:00:00,673
2022-07-08 04:00:00,674
2022-07-08 06:00:00,674
2022-07-08 08:00:00,674
2022-07-08 10:00:00,675
2022-07-08 12:00:00,675
2022-07-08 14:00:00,679
2022-07-08 16:00:00,680
2022-07-08 18:00:00,681
2022-07-08 20:00:00,682
2022-07-08 22:00:00,683
2022-07-09 00:00:00,683
2022-07-09 02:00:00,683
2022-07-09 04:00:00,683
2022-07-09 06:00:00,683
2022-07-09 08:00:00,683
2022-07-09 10:00:00,683
2022-07-09 12:00:00,683
2022-07-09 14:00:00,683
2022-07-09 16:00:00,683
2022-07-09 18:00:00,683
2022-07-09 20:00:00,683
2022-07-09 22:00:00,685
2022-07-10 00:00:00,685
2022-07-10 02:00:00,685
2022-07-10 04:00:00,685
2022-07-10 06:00:00,686
2022-07-10 08:00:00,687
2022-07-10 10:00:00,687
2022-07-10 12:00:00,688
2022-07-10 14:00:00,691
2022-07-10 16:00:00,692
2022-07-10 18:00:00,693
2022-07-10 20:00:00,694
2022-07-10 22:00:00,694
2022-07-11 00:00:00,695
2022-07-11 02:00:00,695
2022-07-11 04:00:00,695
2022-07-11 06:00:00,696
2022-07-11 08:00:00,696
2022-07-11 10:00:00,697
2022-07-11 12:00:00,697
2022-07-11 14:00:00,701
2022-07-11 16:00:00,703
2022-07-11 18:00:00,704
2022-07-11 20:00:00,706
2022-07-11 22:00:00,706
2022-07-12 00:00:00,707
2022-07-12 02:00:00,707
2022-07-12 04:00:00,708
2022-07-12 06:00:00,709
2022-07-12 08:00:00,709
2022-07-12 10:00:00,709
2022-07-12 12:00:00,709
2022-07-12 14:00:00,711
2022-07-12 16:00:00,711
2022-07-12 18:00:00,711
2022-07-12 20:00:00,713
2022-07-12 22:00:00,713
2022-07-13 00:00:00,715
2022-07-13 02:00:00,716
2022-07-13 04:00:00,719
2022-07-13 06:00:00,720
2022-07-13 08:00:00,724
2022-07-13 10:00:00,726
2022-07-13 12:00:00,730
2022-07-13 14:00:00,746
2022-07-13 16:00:00,752
2022-07-13 18:00:00,757
2022-07-13 20:00:00,763
2022-07-13 22:00:00,768
2022-07-14 00:00:00,774
2022-07-14 02:00:00,777
2022-07-14 04:00:00,777
2022-07-14 06:00:00,779
2022-07-14 08:00:00,779
2022-07-14 10:00:00,782
2022-07-14 12:00:00,787
2022-07-14 14:00:00,788
2022-07-14 18:00:00,793
2022-07-14 20:00:00,793
2022-07-14 22:00:00,795
2022-07-15 00:00:00,795
2022-07-15 02:00:00,797
2022-07-15 04:00:00,797
2022-07-15 06:00:00,797
2022-07-15 08:00:00,798
2022-07-15 10:00:00,798
2022-07-15 12:00:00,801
2022-07-15 14:00:00,803
2022-07-15 16:00:00,806
2022-07-15 18:00:00,816
2022-07-15 20:00:00,823
2022-07-15 22:00:00,829
2022-07-16 00:00:00,830
2022-07-16 02:00:00,831
2022-07-16 04:00:00,831
2022-07-16 06:00:00,831
2022-07-16 08:00:00,832
2022-07-16 10:00:00,832
2022-07-16 12:00:00,837
2022-07-16 14:00:00,840
2022-07-16 16:00:00,841
2022-07-16 18:00:00,842
2022-07-16 20:00:00,844
2022-07-16 22:00:00,844
2022-07-17 00:00:00,845
2022-07-17 02:00:00,845
2022-07-17 04:00:00,846
2022-07-17 06:00:00,846
2022-07-17 08:00:00,848
2022-07-17 10:00:00,849
2022-07-17 12:00:00,855
2022-07-17 14:00:00,859
2022-07-17 16:00:00,860
2022-07-17 18:00:00,862
2022-07-17 20:00:00,866
2022-07-17 22:00:00,866
2022-07-18 00:00:00,866
2022-07-18 02:00:00,867
2022-07-18 04:00:00,867
2022-07-18 06:00:00,872
2022-07-18 08:00:00,873
2022-07-18 10:00:00,875
2022-07-18 12:00:00,877
2022-07-18 14:00:00,877
2022-07-18 16:00:00,877
2022-07-18 18:00:00,878
2022-07-18 20:00:00,879
2022-07-18 22:00:00,880
2022-07-19 00:00:00,881
2022-07-19 02:00:00,881
2022-07-19 04:00:00,881
2022-07-19 06:00:00,881
2022-07-19 08:00:00,883
2022-07-19 10:00:00,883
2022-07-19 12:00:00,883
2022-07-19 14:00:00,889
2022-07-19 16:00:00,890
2022-07-19 18:00:00,891
2022-07-19 20:00:00,893
2022-07-19 22:00:00,894
2022-07-20 00:00:00,896
2022-07-20 02:00:00,896
2022-07-20 04:00:00,897
2022-07-20 06:00:00,898
2022-07-20 08:00:00,899
2022-07-20 10:00:00,900
2022-07-20 12:00:00,900
2022-07-20 14:00:00,902
2022-07-20 16:00:00,902
2022-07-20 18:00:00,904
2022-07-20 20:00:00,908
2022-07-20 22:00:00,908
2022-07-21 00:00:00,909
2022-07-21 02:00:00,910
2022-07-21 04:00:00,911
2022-07-21 06:00:00,912
2022-07-21 08:00:00,913
2022-07-21 10:00:00,914
2022-07-21 12:00:00,915
2022-07-21 14:00:00,915
2022-07-21 16:00:00,916
2022-07-21 18:00:00,916
2022-07-21 20:00:00,919
2022-07-21 22:00:00,919
2022-07-22 00:00:00,920
2022-07-22 02:00:00,921
2022-07-22 04:00:00,922
2022-07-22 06:00:00,923
2022-07-22 08:00:00,923
2022-07-22 10:00:00,923
2022-07-22 12:00:00,923
2022-07-22 14:00:00,925
2022-07-22 16:00:00,926
2022-07-22 18:00:00,926
2022-07-22 20:00:00,929
2022-07-22 22:00:00,930
2022-07-23 00:00:00,931
2022-07-23 02:00:00,931
2022-07-23 04:00:00,931
2022-07-23 06:00:00,933
2022-07-23 08:00:00,933
2022-07-23 10:00:00,934
2022-07-23 12:00:00,934
2022-07-23 14:00:00,937
2022-07-23 16:00:00,941
2022-07-23 18:00:00,941
2022-07-23 20:00:00,942
2022-07-23 22:00:00,942
2022-07-24 00:00:00,943
2022-07-24 02:00:00,944
2022-07-24 04:00:00,944
2022-07-24 06:00:00,945
2022-07-24 08:00:00,945
2022-07-24 10:00:00,946
2022-07-24 12:00:00,946
2022-07-24 14:00:00,947
2022-07-24 16:00:00,947
2022-07-24 18:00:00,949
2022-07-24 20:00:00,951
2022-07-24 22:00:00,951
2022-07-25 00:00:00,951
2022-07-25 02:00:00,954
2022-07-25 04:00:00,954
2022-07-25 06:00:00,954
2022-07-25 08:00:00,955
2022-07-25 10:00:00,956
2022-07-25 12:00:00,957
2022-07-25 14:00:00,958
2022-07-25 16:00:00,958
2022-07-25 18:00:00,960
2022-07-25 20:00:00,961
2022-07-25 22:00:00,962
2022-07-26 00:00:00,962
2022-07-26 02:00:00,964
2022-07-26 04:00:00,964
2022-07-26 06:00:00,964
2022-07-26 08:00:00,964
2022-07-26 10:00:00,964
2022-07-26 12:00:00,966
2022-07-26 14:00:00,971
2022-07-26 16:00:00,972
2022-07-26 18:00:00,973
2022-07-26 20:00:00,973
2022-07-26 22:00:00,973
2022-07-27 00:00:00,973
2022-07-27 02:00:00,973
2022-07-27 04:00:00,973
2022-07-27 06:00:00,973
2022-07-27 08:00:00,973
2022-07-27 10:00:00,974
2022-07-27 12:00:00,976
2022-07-27 14:00:00,978
2022-07-27 16:00:00,979
2022-07-27 18:00:00,981
2022-07-27 20:00:00,983
2022-07-27 22:00:00,984
2022-07-28 00:00:00,985
2022-07-28 02:00:00,986
2022-07-28 04:00:00,986
2022-07-28 06:00:00,986
2022-07-28 08:00:00,987
2022-07-28 10:00:00,987
2022-07-28 12:00:00,988
2022-07-28 14:00:00,989
2022-07-28 16:00:00,990
2022-07-28 18:00:00,992
2022-07-28 20:00:00,995
2022-07-28 22:00:00,1005
2022-07-29 00:00:00,1032
2022-07-29 02:00:00,1055
2022-07-29 04:00:00,1071
2022-07-29 06:00:00,1112
2022-07-29 08:00:00,1166
2022-07-29 10:00:00,1212
2022-07-29 12:00:00,1309
2022-07-29 14:00:00,1418
2022-07-29 16:00:00,1532
2022-07-29 18:00:00,1632
2022-07-29 20:00:00,1706
2022-07-29 22:00:00,1799
2022-07-30 00:00:00,1908
2022-07-30 02:00:00,2002
2022-07-30 04:00:00,2084
2022-07-30 06:00:00,2158
2022-07-30 08:00:00,2245
2022-07-30 10:00:00,2332
2022-07-30 12:00:00,2345
2022-07-30 14:00:00,2345
2022-07-30 16:00:00,2345
2022-07-30 18:00:00,2345
2022-07-30 20:00:00,2345
2022-07-30 22:00:00,2345
2022-07-31 00:00:00,2345
2022-07-31 02:00:00,2345
2022-07-31 04:00:00,2345
2022-07-31 06:00:00,2345
2022-07-31 08:00:00,2345
2022-07-31 10:00:00,2345
2022-07-31 12:00:00,2345
2022-07-31 14:00:00,2345
2022-07-31 16:00:00,2345
2022-07-31 18:00:00,2345
2022-07-31 20:00:00,2345
2022-07-31 22:00:00,2345
2022-08-01 00:00:00,2345
2022-08-01 02:00:00,2345
2022-08-01 04:00:00,2345
2022-08-01 06:00:00,2345
2022-08-01 08:00:00,2345
2022-08-01 10:00:00,2345
2022-08-01 12:00:00,2345
2022-08-01 14:00:00,2345
2022-08-01 16:00:00,2345
2022-08-01 18:00:00,2345
2022-08-01 20:00:00,2345
2022-08-01 22:00:00,2345
2022-08-02 00:00:00,2345
2022-08-02 02:00:00,2345
2022-08-02 04:00:00,2345
2022-08-02 06:00:00,2345
2022-08-02 08:00:00,2345
2022-08-02 10:00:00,2345
2022-08-02 12:00:00,2345
2022-08-02 14:00:00,2345
2022-08-02 16:00:00,2345
2022-08-02 18:00:00,2345
2022-08-02 20:00:00,2345
2022-08-02 22:00:00,2345
2022-08-03 00:00:00,2345
2022-08-03 02:00:00,2345
2022-08-03 04:00:00,2345
2022-08-03 06:00:00,2345
2022-08-03 08:00:00,2345
2022-08-03 10:00:00,2345
2022-08-03 12:00:00,2345
2022-08-03 14:00:00,2345
2022-08-03 16:00:00,8128
2022-08-03 18:00:00,8203
2022-08-03 20:00:00,8223
2022-08-03 22:00:00,8244
2022-08-04 00:00:00,8257
2022-08-04 02:00:00,8260
2022-08-04 04:00:00,8261
2022-08-04 06:00:00,8267
2022-08-04 08:00:00,8299
2022-08-04 10:00:00,8347
2022-08-04 12:00:00,8358
2022-08-04 14:00:00,8429
2022-08-04 16:00:00,8536
2022-08-04 18:00:00,8553
2022-08-04 20:00:00,8573
2022-08-04 22:00:00,8590
2022-08-05 00:00:00,8594
2022-08-05 02:00:00,8594
2022-08-05 04:00:00,8598
2022-08-05 06:00:00,8607
2022-08-05 08:00:00,8611
2022-08-05 10:00:00,8624
2022-08-05 12:00:00,8633
2022-08-05 14:00:00,8642
2022-08-05 16:00:00,8655
2022-08-05 18:00:00,8665
2022-08-05 20:00:00,8672
2022-08-05 22:00:00,8692
2022-08-06 00:00:00,8702
2022-08-06 02:00:00,8703
2022-08-06 04:00:00,8705
2022-08-06 06:00:00,8706
2022-08-06 08:00:00,8708
2022-08-06 10:00:00,8712
2022-08-06 12:00:00,8735
2022-08-06 14:00:00,8774
2022-08-06 16:00:00,8799
2022-08-06 18:00:00,8821
2022-08-06 20:00:00,8830
2022-08-06 22:00:00,8834
2022-08-07 00:00:00,8839
2022-08-07 02:00:00,8840
2022-08-07 04:00:00,8842
2022-08-07 06:00:00,8843
2022-08-07 08:00:00,8846
2022-08-07 10:00:00,8851
2022-08-07 12:00:00,8861
2022-08-07 14:00:00,8863
2022-08-07 16:00:00,8875
2022-08-07 18:00:00,8884
2022-08-07 20:00:00,8889
2022-08-07 22:00:00,8891
2022-08-08 00:00:00,8894
2022-08-08 02:00:00,8896
2022-08-08 04:00:00,8898
2022-08-08 06:00:00,8900
2022-08-08 08:00:00,8900
2022-08-08 10:00:00,8902
2022-08-08 12:00:00,8906
2022-08-08 14:00:00,8909
2022-08-08 16:00:00,8916
2022-08-08 18:00:00,8922
2022-08-08 20:00:00,8926
2022-08-08 22:00:00,8934
2022-08-09 00:00:00,8938
2022-08-09 02:00:00,8942
2022-08-09 04:00:00,8945
2022-08-09 06:00:00,8946
2022-08-09 08:00:00,8946
2022-08-09 10:00:00,8947
2022-08-09 12:00:00,8953
2022-08-09 14:00:00,8958
2022-08-09 16:00:00,8960
2022-08-09 18:00:00,8967
2022-08-09 20:00:00,8974
2022-08-09 22:00:00,8979
2022-08-10 00:00:00,8986
2022-08-10 02:00:00,8988
2022-08-10 04:00:00,8990
2022-08-10 06:00:00,8990
2022-08-10 08:00:00,8990
2022-08-10 10:00:00,8990
2022-08-10 12:00:00,8993
2022-08-10 14:00:00,8994
2022-08-10 16:00:00,8998
2022-08-10 18:00:00,9011
2022-08-10 20:00:00,9017
2022-08-10 22:00:00,9018
2022-08-11 00:00:00,9019
2022-08-11 02:00:00,9022
2022-08-11 04:00:00,9024
2022-08-11 06:00:00,9026
2022-08-11 08:00:00,9030
2022-08-11 10:00:00,9031
2022-08-11 12:00:00,9034
2022-08-11 14:00:00,9036
2022-08-11 16:00:00,9040
2022-08-11 18:00:00,9040
2022-08-11 20:00:00,9042
2022-08-11 22:00:00,9042
2022-08-12 00:00:00,9044
2022-08-12 02:00:00,9044
2022-08-12 04:00:00,9044
2022-08-12 06:00:00,9049
2022-08-12 08:00:00,9049
2022-08-12 10:00:00,9052
2022-08-12 12:00:00,9053
2022-08-12 14:00:00,9055
2022-08-12 16:00:00,9058
2022-08-12 18:00:00,9059
2022-08-12 20:00:00,9061
2022-08-12 22:00:00,9064
2022-08-13 00:00:00,9065
2022-08-13 02:00:00,9066
2022-08-13 04:00:00,9066
2022-08-13 06:00:00,9069
2022-08-13 08:00:00,9070
2022-08-13 10:00:00,9074
2022-08-13 12:00:00,9075
2022-08-13 14:00:00,9076
2022-08-13 16:00:00,9076
2022-08-13 18:00:00,9081
2022-08-13 20:00:00,9082
2022-08-13 22:00:00,9083
2022-08-14 00:00:00,9083
2022-08-14 02:00:00,9085
2022-08-14 04:00:00,9085
2022-08-14 06:00:00,9087
2022-08-14 08:00:00,9087
2022-08-14 10:00:00,9088
2022-08-14 12:00:00,9088
2022-08-14 14:00:00,9089
2022-08-14 16:00:00,9090
2022-08-14 18:00:00,9092
2022-08-14 20:00:00,9094
2022-08-14 22:00:00,9097
2022-08-15 00:00:00,9097
2022-08-15 02:00:00,9097
2022-08-15 04:00:00,9098
2022-08-15 06:00:00,9098
2022-08-15 08:00:00,9099
2022-08-15 10:00:00,9100
2022-08-15 12:00:00,9103
2022-08-15 14:00:00,9105
2022-08-15 16:00:00,9106
2022-08-15 18:00:00,9106
2022-08-15 20:00:00,9106
2022-08-15 22:00:00,9107
2022-08-16 00:00:00,9107
2022-08-16 02:00:00,9107
2022-08-16 04:00:00,9108
2022-08-16 06:00:00,9109
2022-08-16 08:00:00,9111
2022-08-16 10:00:00,9112
2022-08-16 12:00:00,9117
2022-08-16 14:00:00,9118
2022-08-16 16:00:00,9118
2022-08-16 18:00:00,9119
2022-08-16 20:00:00,9122
2022-08-16 22:00:00,9123
2022-08-17 00:00:00,9124
2022-08-17 02:00:00,9124
2022-08-17 04:00:00,9124
2022-08-17 06:00:00,9128
2022-08-17 08:00:00,9128
2022-08-17 10:00:00,9129
2022-08-17 12:00:00,9130
2022-08-17 14:00:00,9130
2022-08-17 16:00:00,9131
2022-08-17 18:00:00,9132
2022-08-17 20:00:00,9134
2022-08-17 22:00:00,9136
2022-08-18 00:00:00,9137
2022-08-18 02:00:00,9140
2022-08-18 04:00:00,9140
2022-08-18 06:00:00,9140
2022-08-18 08:00:00,9143
2022-08-18 10:00:00,9143
2022-08-18 12:00:00,9143
2022-08-18 14:00:00,9144
2022-08-18 16:00:00,9144
2022-08-18 18:00:00,9146
2022-08-18 20:00:00,9147
2022-08-18 22:00:00,9148
2022-08-19 00:00:00,9150
2022-08-19 02:00:00,9151
2022-08-19 04:00:00,9152
2022-08-19 06:00:00,9152
2022-08-19 08:00:00,9152
2022-08-19 10:00:00,9159
2022-08-19 12:00:00,9161
2022-08-19 14:00:00,9163
2022-08-19 16:00:00,9163
2022-08-19 18:00:00,9163
2022-08-19 20:00:00,9163
2022-08-19 22:00:00,9163
2022-08-20 00:00:00,9164
2022-08-20 02:00:00,9165
2022-08-20 04:00:00,9165
2022-08-20 06:00:00,9165
2022-08-20 08:00:00,9166
2022-08-20 10:00:00,9170
2022-08-20 12:00:00,9174
2022-08-20 14:00:00,9175
2022-08-20 16:00:00,9175
2022-08-20 18:00:00,9176
2022-08-20 20:00:00,9178
2022-08-20 22:00:00,9181
2022-08-21 00:00:00,9181
2022-08-21 02:00:00,9181
2022-08-21 04:00:00,9182
2022-08-21 06:00:00,9183
2022-08-21 08:00:00,9183
2022-08-21 10:00:00,9184
2022-08-21 12:00:00,9184
2022-08-21 14:00:00,9186
2022-08-21 16:00:00,9187
2022-08-21 18:00:00,9190
2022-08-21 20:00:00,9191
2022-08-21 22:00:00,9193
2022-08-22 00:00:00,9194
2022-08-22 02:00:00,9194
2022-08-22 04:00:00,9194
2022-08-22 06:00:00,9194
2022-08-22 08:00:00,9195
2022-08-22 10:00:00,9195
2022-08-22 12:00:00,9195
2022-08-22 14:00:00,9197
2022-08-22 16:00:00,9199
2022-08-22 18:00:00,9201
2022-08-22 20:00:00,9201
2022-08-22 22:00:00,9202
2022-08-23 00:00:00,9203
2022-08-23 02:00:00,9203
2022-08-23 04:00:00,9203
2022-08-23 06:00:00,9203
2022-08-23 08:00:00,9203
2022-08-23 10:00:00,9205
2022-08-23 12:00:00,9207
2022-08-23 14:00:00,9209
2022-08-23 16:00:00,9211
2022-08-23 18:00:00,9215
2022-08-23 20:00:00,9215
2022-08-23 22:00:00,9216
2022-08-24 00:00:00,9216
2022-08-24 02:00:00,9218
2022-08-24 04:00:00,9218
2022-08-24 06:00:00,9218
2022-08-24 08:00:00,9218
2022-08-24 10:00:00,9219
2022-08-24 12:00:00,9219
2022-08-24 14:00:00,9221
2022-08-24 16:00:00,9221
2022-08-24 18:00:00,9221
2022-08-24 20:00:00,9222
2022-08-24 22:00:00,9227
2022-08-25 00:00:00,9229
2022-08-25 02:00:00,9231
2022-08-25 04:00:00,9232
2022-08-25 06:00:00,9232
2022-08-25 08:00:00,9232
2022-08-25 10:00:00,9232
2022-08-25 12:00:00,9232
2022-08-25 14:00:00,9232
2022-08-25 16:00:00,9235
2022-08-25 18:00:00,9236
2022-08-25 20:00:00,9236
2022-08-25 22:00:00,9237
2022-08-26 00:00:00,9237
2022-08-26 02:00:00,9241
2022-08-26 04:00:00,9241
2022-08-26 06:00:00,9243
2022-08-26 08:00:00,9243
2022-08-26 10:00:00,9243
2022-08-26 12:00:00,9244
2022-08-26 14:00:00,9245
2022-08-26 16:00:00,9247
2022-08-26 18:00:00,9247
2022-08-26 20:00:00,9248
2022-08-26 22:00:00,9248
2022-08-27 00:00:00,9248
2022-08-27 02:00:00,9249
2022-08-27 04:00:00,9250
2022-08-27 06:00:00,9252
2022-08-27 08:00:00,9253
2022-08-27 10:00:00,9253
2022-08-27 12:00:00,9253
2022-08-27 14:00:00,9255
2022-08-27 16:00:00,9256
2022-08-27 18:00:00,9256
2022-08-27 20:00:00,9259
2022-08-27 22:00:00,9264
2022-08-28 00:00:00,9264
2022-08-28 02:00:00,9264
2022-08-28 04:00:00,9264
2022-08-28 06:00:00,9264
2022-08-28 08:00:00,9266
2022-08-28 10:00:00,9266
2022-08-28 12:00:00,9268
2022-08-28 14:00:00,9269
2022-08-28 16:00:00,9269
2022-08-28 18:00:00,9269
2022-08-28 20:00:00,9269
2022-08-28 22:00:00,9271
2022-08-29 00:00:00,9273
2022-08-29 02:00:00,9273
2022-08-29 04:00:00,9273
2022-08-29 06:00:00,9275
2022-08-29 08:00:00,9275
2022-08-29 10:00:00,9276
2022-08-29 12:00:00,9276
2022-08-29 14:00:00,9276
2022-08-29 16:00:00,9276
2022-08-29 18:00:00,9279
2022-08-29 20:00:00,9280
2022-08-29 22:00:00,9284
2022-08-30 00:00:00,9285
2022-08-30 02:00:00,9286
2022-08-30 04:00:00,9286
2022-08-30 06:00:00,9286
2022-08-30 08:00:00,9289
2022-08-30 10:00:00,9289
2022-08-30 12:00:00,9291
2022-08-30 14:00:00,9294
2022-08-30 16:00:00,9295
2022-08-30 18:00:00,9296
2022-08-30 20:00:00,9299
2022-08-30 22:00:00,9299
2022-08-31 00:00:00,9301
2022-08-31 02:00:00,9303
2022-08-31 04:00:00,9303
2022-08-31 06:00:00,9303
2022-08-31 08:00:00,9305
2022-08-31 10:00:00,9306
2022-08-31 12:00:00,9306
2022-08-31 14:00:00,9306
2022-08-31 16:00:00,9307
2022-08-31 18:00:00,9308
2022-08-31 20:00:00,9310
2022-08-31 22:00:00,9310
2022-09-01 00:00:00,9313
2022-09-01 02:00:00,9314
2022-09-01 04:00:00,9314
2022-09-01 06:00:00,9314
2022-09-01 08:00:00,9315
2022-09-01 10:00:00,9318
2022-09-01 12:00:00,9318
2022-09-01 14:00:00,9320
2022-09-01 16:00:00,9321
2022-09-01 18:00:00,9321
2022-09-01 20:00:00,9322
2022-09-01 22:00:00,9324
2022-09-02 00:00:00,9329
2022-09-02 02:00:00,9329
2022-09-02 04:00:00,9333
2022-09-02 06:00:00,9334
2022-09-02 08:00:00,9334
2022-09-02 10:00:00,9335
2022-09-02 12:00:00,9335
2022-09-02 14:00:00,9336
2022-09-02 16:00:00,9337
2022-09-02 18:00:00,9340
2022-09-02 20:00:00,9343
2022-09-02 22:00:00,9346
2022-09-03 00:00:00,9346
2022-09-03 02:00:00,9346
2022-09-03 04:00:00,9348
2022-09-03 06:00:00,9350
2022-09-03 08:00:00,9351
2022-09-03 10:00:00,9351
2022-09-03 12:00:00,9352
2022-09-03 14:00:00,9352
2022-09-03 16:00:00,9353
2022-09-03 18:00:00,9355
2022-09-03 20:00:00,9355
2022-09-03 22:00:00,9356
2022-09-04 00:00:00,9360
2022-09-04 02:00:00,9360
2022-09-04 04:00:00,9361
2022-09-04 06:00:00,9362
2022-09-04 08:00:00,9363
2022-09-04 10:00:00,9365
2022-09-04 12:00:00,9367
2022-09-04 14:00:00,9369
2022-09-04 16:00:00,9369
2022-09-04 18:00:00,9370
2022-09-04 20:00:00,9372
2022-09-04 22:00:00,9374
2022-09-05 00:00:00,9375
2022-09-05 02:00:00,9375
2022-09-05 04:00:00,9376
2022-09-05 06:00:00,9378
2022-09-05 08:00:00,9379
2022-09-05 10:00:00,9379
2022-09-05 12:00:00,9380
2022-09-05 14:00:00,9381
2022-09-05 16:00:00,9385
2022-09-05 18:00:00,9388
2022-09-05 20:00:00,9390
2022-09-05 22:00:00,9393
2022-09-06 00:00:00,9395
2022-09-06 02:00:00,9396
2022-09-06 04:00:00,9398
2022-09-06 06:00:00,9398
2022-09-06 08:00:00,9398
2022-09-06 10:00:00,9401
2022-09-06 12:00:00,9403
2022-09-06 14:00:00,9405
2022-09-06 16:00:00,9407
2022-09-06 18:00:00,9409
2022-09-06 20:00:00,9409
2022-09-06 22:00:00,9410
2022-09-07 00:00:00,9410
2022-09-07 02:00:00,9413
2022-09-07 04:00:00,9413
2022-09-07 06:00:00,9416
2022-09-07 08:00:00,9417
2022-09-07 10:00:00,9418
2022-09-07 12:00:00,9418
2022-09-07 14:00:00,9419
2022-09-07 16:00:00,9419
2022-09-07 18:00:00,9420
2022-09-07 20:00:00,9421
2022-09-07 22:00:00,9421
2022-09-08 00:00:00,9422
2022-09-08 02:00:00,9423
2022-09-08 04:00:00,9423
2022-09-08 06:00:00,9424
2022-09-08 08:00:00,9427
2022-09-08 10:00:00,9427
2022-09-08 12:00:00,9428
2022-09-08 14:00:00,9429
2022-09-08 16:00:00,9429
2022-09-08 18:00:00,9430
2022-09-08 20:00:00,9430
2022-09-08 22:00:00,9432
2022-09-09 00:00:00,9432

