"Time","{instance=""dot-monitor.prod.lido.mixbytes.io:80"", job=""monitor""}"
2022-06-30 02:00:00,292450
2022-06-30 04:00:00,292450
2022-06-30 06:00:00,292450
2022-06-30 08:00:00,292450
2022-06-30 10:00:00,292213
2022-06-30 12:00:00,292237
2022-06-30 14:00:00,292478
2022-06-30 16:00:00,300085
2022-06-30 18:00:00,300090
2022-06-30 20:00:00,300180
2022-06-30 22:00:00,300180
2022-07-01 00:00:00,300180
2022-07-01 02:00:00,300180
2022-07-01 04:00:00,300180
2022-07-01 06:00:00,300180
2022-07-01 08:00:00,300180
2022-07-01 10:00:00,301013
2022-07-01 12:00:00,301013
2022-07-01 14:00:00,300903
2022-07-01 16:00:00,300903
2022-07-01 18:00:00,300916
2022-07-01 20:00:00,301001
2022-07-01 22:00:00,301001
2022-07-02 00:00:00,301001
2022-07-02 02:00:00,301001
2022-07-02 04:00:00,301001
2022-07-02 06:00:00,301124
2022-07-02 08:00:00,301126
2022-07-02 10:00:00,301126
2022-07-02 12:00:00,301331
2022-07-02 14:00:00,301330
2022-07-02 16:00:00,301330
2022-07-02 18:00:00,301347
2022-07-02 20:00:00,301508
2022-07-02 22:00:00,307562
2022-07-03 00:00:00,307574
2022-07-03 02:00:00,307609
2022-07-03 04:00:00,307638
2022-07-03 06:00:00,307852
2022-07-03 08:00:00,308312
2022-07-03 10:00:00,308312
2022-07-03 12:00:00,308349
2022-07-03 14:00:00,308349
2022-07-03 16:00:00,308535
2022-07-03 18:00:00,308535
2022-07-03 20:00:00,308690
2022-07-03 22:00:00,308690
2022-07-04 00:00:00,309002
2022-07-04 02:00:00,309235
2022-07-04 04:00:00,309235
2022-07-04 06:00:00,309235
2022-07-04 08:00:00,309248
2022-07-04 10:00:00,309248
2022-07-04 12:00:00,309248
2022-07-04 14:00:00,309251
2022-07-04 16:00:00,309536
2022-07-04 18:00:00,309725
2022-07-04 20:00:00,309896
2022-07-04 22:00:00,309910
2022-07-05 00:00:00,309910
2022-07-05 02:00:00,309910
2022-07-05 04:00:00,309910
2022-07-05 06:00:00,309910
2022-07-05 08:00:00,309910
2022-07-05 10:00:00,309910
2022-07-05 12:00:00,310045
2022-07-05 14:00:00,310049
2022-07-05 16:00:00,310051
2022-07-05 18:00:00,310058
2022-07-05 20:00:00,310190
2022-07-05 22:00:00,310256
2022-07-06 00:00:00,310261
2022-07-06 02:00:00,310293
2022-07-06 04:00:00,310312
2022-07-06 06:00:00,310357
2022-07-06 08:00:00,310357
2022-07-06 10:00:00,310360
2022-07-06 12:00:00,310360
2022-07-06 14:00:00,310361
2022-07-06 16:00:00,310361
2022-07-06 18:00:00,310361
2022-07-06 20:00:00,310361
2022-07-06 22:00:00,310361
2022-07-07 00:00:00,310361
2022-07-07 02:00:00,312505
2022-07-07 04:00:00,312604
2022-07-07 06:00:00,312604
2022-07-07 08:00:00,312604
2022-07-07 10:00:00,312604
2022-07-07 12:00:00,312616
2022-07-07 14:00:00,312616
2022-07-07 16:00:00,312616
2022-07-07 18:00:00,312627
2022-07-07 20:00:00,312738
2022-07-07 22:00:00,312738
2022-07-08 00:00:00,312774
2022-07-08 02:00:00,312774
2022-07-08 04:00:00,312833
2022-07-08 06:00:00,312833
2022-07-08 08:00:00,312833
2022-07-08 10:00:00,312833
2022-07-08 12:00:00,312838
2022-07-08 14:00:00,313758
2022-07-08 16:00:00,313774
2022-07-08 18:00:00,314775
2022-07-08 20:00:00,314942
2022-07-08 22:00:00,314945
2022-07-09 00:00:00,314945
2022-07-09 02:00:00,314945
2022-07-09 04:00:00,314945
2022-07-09 06:00:00,314945
2022-07-09 08:00:00,314876
2022-07-09 10:00:00,314876
2022-07-09 12:00:00,314876
2022-07-09 14:00:00,314876
2022-07-09 16:00:00,314876
2022-07-09 18:00:00,314876
2022-07-09 20:00:00,314992
2022-07-09 22:00:00,315006
2022-07-10 00:00:00,315006
2022-07-10 02:00:00,315006
2022-07-10 04:00:00,315006
2022-07-10 06:00:00,315008
2022-07-10 08:00:00,393641
2022-07-10 10:00:00,393641
2022-07-10 12:00:00,393669
2022-07-10 14:00:00,393973
2022-07-10 16:00:00,393973
2022-07-10 18:00:00,393976
2022-07-10 20:00:00,394078
2022-07-10 22:00:00,394078
2022-07-11 00:00:00,394065
2022-07-11 02:00:00,394065
2022-07-11 04:00:00,394050
2022-07-11 06:00:00,394373
2022-07-11 08:00:00,394373
2022-07-11 10:00:00,394394
2022-07-11 12:00:00,394394
2022-07-11 14:00:00,394565
2022-07-11 16:00:00,394603
2022-07-11 18:00:00,394603
2022-07-11 20:00:00,394765
2022-07-11 22:00:00,394755
2022-07-12 00:00:00,394765
2022-07-12 02:00:00,394765
2022-07-12 04:00:00,394766
2022-07-12 06:00:00,394838
2022-07-12 08:00:00,394838
2022-07-12 10:00:00,394838
2022-07-12 12:00:00,394838
2022-07-12 14:00:00,394846
2022-07-12 16:00:00,394846
2022-07-12 18:00:00,394816
2022-07-12 20:00:00,394965
2022-07-12 22:00:00,394965
2022-07-13 00:00:00,395042
2022-07-13 02:00:00,395075
2022-07-13 04:00:00,395109
2022-07-13 06:00:00,395122
2022-07-13 08:00:00,395129
2022-07-13 10:00:00,395132
2022-07-13 12:00:00,395583
2022-07-13 14:00:00,395810
2022-07-13 16:00:00,395817
2022-07-13 18:00:00,395834
2022-07-13 20:00:00,396099
2022-07-13 22:00:00,396117
2022-07-14 00:00:00,396127
2022-07-14 02:00:00,396206
2022-07-14 04:00:00,396206
2022-07-14 06:00:00,432206
2022-07-14 08:00:00,432206
2022-07-14 10:00:00,432215
2022-07-14 12:00:00,432288
2022-07-14 14:00:00,434053
2022-07-14 18:00:00,434074
2022-07-14 20:00:00,434226
2022-07-14 22:00:00,435501
2022-07-15 00:00:00,435501
2022-07-15 02:00:00,446807
2022-07-15 04:00:00,446807
2022-07-15 06:00:00,446807
2022-07-15 08:00:00,446811
2022-07-15 10:00:00,446811
2022-07-15 12:00:00,446827
2022-07-15 14:00:00,446832
2022-07-15 16:00:00,446841
2022-07-15 18:00:00,498875
2022-07-15 20:00:00,503507
2022-07-15 22:00:00,511692
2022-07-16 00:00:00,511628
2022-07-16 02:00:00,511745
2022-07-16 04:00:00,511745
2022-07-16 06:00:00,511745
2022-07-16 08:00:00,512765
2022-07-16 10:00:00,512752
2022-07-16 12:00:00,518026
2022-07-16 14:00:00,525820
2022-07-16 16:00:00,526317
2022-07-16 18:00:00,527810
2022-07-16 20:00:00,528195
2022-07-16 22:00:00,528195
2022-07-17 00:00:00,528195
2022-07-17 02:00:00,528195
2022-07-17 04:00:00,528230
2022-07-17 06:00:00,528230
2022-07-17 08:00:00,546033
2022-07-17 10:00:00,546899
2022-07-17 12:00:00,647752
2022-07-17 14:00:00,648059
2022-07-17 16:00:00,648114
2022-07-17 18:00:00,648135
2022-07-17 20:00:00,652802
2022-07-17 22:00:00,652802
2022-07-18 00:00:00,652802
2022-07-18 02:00:00,653336
2022-07-18 04:00:00,653304
2022-07-18 06:00:00,727406
2022-07-18 08:00:00,727400
2022-07-18 10:00:00,727461
2022-07-18 12:00:00,727563
2022-07-18 14:00:00,727563
2022-07-18 16:00:00,727563
2022-07-18 18:00:00,727567
2022-07-18 20:00:00,727773
2022-07-18 22:00:00,727774
2022-07-19 00:00:00,743777
2022-07-19 02:00:00,743777
2022-07-19 04:00:00,743777
2022-07-19 06:00:00,743777
2022-07-19 08:00:00,744306
2022-07-19 10:00:00,744306
2022-07-19 12:00:00,744306
2022-07-19 14:00:00,749212
2022-07-19 16:00:00,749213
2022-07-19 18:00:00,749223
2022-07-19 20:00:00,749464
2022-07-19 22:00:00,749468
2022-07-20 00:00:00,753531
2022-07-20 02:00:00,753531
2022-07-20 04:00:00,753641
2022-07-20 06:00:00,753681
2022-07-20 08:00:00,756250
2022-07-20 10:00:00,756189
2022-07-20 12:00:00,756189
2022-07-20 14:00:00,756537
2022-07-20 16:00:00,756537
2022-07-20 18:00:00,756663
2022-07-20 20:00:00,763175
2022-07-20 22:00:00,763153
2022-07-21 00:00:00,763154
2022-07-21 02:00:00,763158
2022-07-21 04:00:00,763160
2022-07-21 06:00:00,763226
2022-07-21 08:00:00,763236
2022-07-21 10:00:00,765812
2022-07-21 12:00:00,765819
2022-07-21 14:00:00,765817
2022-07-21 16:00:00,765827
2022-07-21 18:00:00,765827
2022-07-21 20:00:00,766656
2022-07-21 22:00:00,766656
2022-07-22 00:00:00,766674
2022-07-22 02:00:00,766701
2022-07-22 04:00:00,767176
2022-07-22 06:00:00,768780
2022-07-22 08:00:00,768780
2022-07-22 10:00:00,768780
2022-07-22 12:00:00,768780
2022-07-22 14:00:00,772937
2022-07-22 16:00:00,773019
2022-07-22 18:00:00,775604
2022-07-22 20:00:00,775862
2022-07-22 22:00:00,776357
2022-07-23 00:00:00,776356
2022-07-23 02:00:00,776356
2022-07-23 04:00:00,776356
2022-07-23 06:00:00,776497
2022-07-23 08:00:00,776497
2022-07-23 10:00:00,776510
2022-07-23 12:00:00,776510
2022-07-23 14:00:00,776637
2022-07-23 16:00:00,780184
2022-07-23 18:00:00,780184
2022-07-23 20:00:00,782621
2022-07-23 22:00:00,782621
2022-07-24 00:00:00,782631
2022-07-24 02:00:00,782634
2022-07-24 04:00:00,782634
2022-07-24 06:00:00,782676
2022-07-24 08:00:00,782676
2022-07-24 10:00:00,782711
2022-07-24 12:00:00,782671
2022-07-24 14:00:00,785661
2022-07-24 16:00:00,785661
2022-07-24 18:00:00,785548
2022-07-24 20:00:00,785901
2022-07-24 22:00:00,785901
2022-07-25 00:00:00,785901
2022-07-25 02:00:00,786109
2022-07-25 04:00:00,786109
2022-07-25 06:00:00,786109
2022-07-25 08:00:00,786114
2022-07-25 10:00:00,786123
2022-07-25 12:00:00,786199
2022-07-25 14:00:00,794864
2022-07-25 16:00:00,794864
2022-07-25 18:00:00,794987
2022-07-25 20:00:00,795255
2022-07-25 22:00:00,795285
2022-07-26 00:00:00,795285
2022-07-26 02:00:00,795429
2022-07-26 04:00:00,795429
2022-07-26 06:00:00,795429
2022-07-26 08:00:00,795429
2022-07-26 10:00:00,795429
2022-07-26 12:00:00,795453
2022-07-26 14:00:00,795666
2022-07-26 16:00:00,795668
2022-07-26 18:00:00,795675
2022-07-26 20:00:00,796021
2022-07-26 22:00:00,796021
2022-07-27 00:00:00,796021
2022-07-27 02:00:00,796021
2022-07-27 04:00:00,796021
2022-07-27 06:00:00,796021
2022-07-27 08:00:00,796021
2022-07-27 10:00:00,796081
2022-07-27 12:00:00,796117
2022-07-27 14:00:00,796129
2022-07-27 16:00:00,796180
2022-07-27 18:00:00,796275
2022-07-27 20:00:00,796519
2022-07-27 22:00:00,796519
2022-07-28 00:00:00,796525
2022-07-28 02:00:00,796646
2022-07-28 04:00:00,796646
2022-07-28 06:00:00,796646
2022-07-28 08:00:00,796650
2022-07-28 10:00:00,796650
2022-07-28 12:00:00,796653
2022-07-28 14:00:00,803264
2022-07-28 16:00:00,803282
2022-07-28 18:00:00,803361
2022-07-28 20:00:00,810369
2022-07-28 22:00:00,810342
2022-07-29 00:00:00,810419
2022-07-29 02:00:00,810560
2022-07-29 04:00:00,810580
2022-07-29 06:00:00,810622
2022-07-29 08:00:00,811401
2022-07-29 10:00:00,811449
2022-07-29 12:00:00,811550
2022-07-29 14:00:00,834810
2022-07-29 16:00:00,835064
2022-07-29 18:00:00,896209
2022-07-29 20:00:00,896511
2022-07-29 22:00:00,896616
2022-07-30 00:00:00,897593
2022-07-30 02:00:00,897796
2022-07-30 04:00:00,897921
2022-07-30 06:00:00,898125
2022-07-30 08:00:00,898444
2022-07-30 10:00:00,898865
2022-07-30 12:00:00,901975
2022-07-30 14:00:00,903045
2022-07-30 16:00:00,903089
2022-07-30 18:00:00,904968
2022-07-30 20:00:00,907220
2022-07-30 22:00:00,913956
2022-07-31 00:00:00,914545
2022-07-31 02:00:00,914688
2022-07-31 04:00:00,914923
2022-07-31 06:00:00,915259
2022-07-31 08:00:00,963563
2022-07-31 10:00:00,964007
2022-07-31 12:00:00,1004682
2022-07-31 14:00:00,1005058
2022-07-31 16:00:00,1005940
2022-07-31 18:00:00,1008349
2022-07-31 20:00:00,1010395
2022-07-31 22:00:00,1011314
2022-08-01 00:00:00,1011835
2022-08-01 02:00:00,1011991
2022-08-01 04:00:00,1012105
2022-08-01 06:00:00,1013677
2022-08-01 08:00:00,1015032
2022-08-01 10:00:00,1016673
2022-08-01 12:00:00,1018768
2022-08-01 14:00:00,1020682
2022-08-01 16:00:00,1021651
2022-08-01 18:00:00,1022760
2022-08-01 20:00:00,1023696
2022-08-01 22:00:00,1024222
2022-08-02 00:00:00,1024515
2022-08-02 02:00:00,1024974
2022-08-02 04:00:00,1024974
2022-08-02 06:00:00,1024974
2022-08-02 08:00:00,1024951
2022-08-02 10:00:00,1019951
2022-08-02 12:00:00,1019916
2022-08-02 14:00:00,1019917
2022-08-02 16:00:00,1020586
2022-08-02 18:00:00,1021875
2022-08-02 20:00:00,1023140
2022-08-02 22:00:00,1023939
2022-08-03 00:00:00,1024180
2022-08-03 02:00:00,1024233
2022-08-03 04:00:00,1024243
2022-08-03 06:00:00,1024808
2022-08-03 08:00:00,1025301
2022-08-03 10:00:00,1025543
2022-08-03 12:00:00,1026000
2022-08-03 14:00:00,1026703
2022-08-03 16:00:00,1027325
2022-08-03 18:00:00,1025576
2022-08-03 20:00:00,1026115
2022-08-03 22:00:00,1025886
2022-08-04 00:00:00,1025944
2022-08-04 02:00:00,1025977
2022-08-04 04:00:00,1029389
2022-08-04 06:00:00,1029420
2022-08-04 08:00:00,1029590
2022-08-04 10:00:00,1029934
2022-08-04 12:00:00,1029978
2022-08-04 14:00:00,1030358
2022-08-04 16:00:00,1030914
2022-08-04 18:00:00,1031012
2022-08-04 20:00:00,1031599
2022-08-04 22:00:00,1031697
2022-08-05 00:00:00,1031664
2022-08-05 02:00:00,1031653
2022-08-05 04:00:00,1032139
2022-08-05 06:00:00,1032173
2022-08-05 08:00:00,1032358
2022-08-05 10:00:00,1034850
2022-08-05 12:00:00,1035005
2022-08-05 14:00:00,1047434
2022-08-05 16:00:00,1054473
2022-08-05 18:00:00,1054492
2022-08-05 20:00:00,1054748
2022-08-05 22:00:00,1054920
2022-08-06 00:00:00,1055128
2022-08-06 02:00:00,1055124
2022-08-06 04:00:00,1057318
2022-08-06 06:00:00,1057322
2022-08-06 08:00:00,1057316
2022-08-06 10:00:00,1057531
2022-08-06 12:00:00,1057473
2022-08-06 14:00:00,1057744
2022-08-06 16:00:00,1057889
2022-08-06 18:00:00,1058408
2022-08-06 20:00:00,1058737
2022-08-06 22:00:00,1058732
2022-08-07 00:00:00,1058806
2022-08-07 02:00:00,1058759
2022-08-07 04:00:00,1058854
2022-08-07 06:00:00,1058847
2022-08-07 08:00:00,1058827
2022-08-07 10:00:00,1058851
2022-08-07 12:00:00,1058845
2022-08-07 14:00:00,1058910
2022-08-07 16:00:00,1059380
2022-08-07 18:00:00,1059409
2022-08-07 20:00:00,1059781
2022-08-07 22:00:00,1060773
2022-08-08 00:00:00,1060888
2022-08-08 02:00:00,1060898
2022-08-08 04:00:00,1063456
2022-08-08 06:00:00,1063498
2022-08-08 08:00:00,1063464
2022-08-08 10:00:00,1063512
2022-08-08 12:00:00,1066509
2022-08-08 14:00:00,1066602
2022-08-08 16:00:00,1066605
2022-08-08 18:00:00,1066644
2022-08-08 20:00:00,1067705
2022-08-08 22:00:00,1067738
2022-08-09 00:00:00,1067754
2022-08-09 02:00:00,1068362
2022-08-09 04:00:00,1068401
2022-08-09 06:00:00,1068397
2022-08-09 08:00:00,1068397
2022-08-09 10:00:00,1068392
2022-08-09 12:00:00,1068391
2022-08-09 14:00:00,1068390
2022-08-09 16:00:00,1068369
2022-08-09 18:00:00,1068547
2022-08-09 20:00:00,1068990
2022-08-09 22:00:00,1068998
2022-08-10 00:00:00,1069511
2022-08-10 02:00:00,1069679
2022-08-10 04:00:00,1069882
2022-08-10 06:00:00,1069877
2022-08-10 08:00:00,1069868
2022-08-10 10:00:00,1069858
2022-08-10 12:00:00,1069853
2022-08-10 14:00:00,1069870
2022-08-10 16:00:00,1069850
2022-08-10 18:00:00,1069899
2022-08-10 20:00:00,1070465
2022-08-10 22:00:00,1070460
2022-08-11 00:00:00,1070465
2022-08-11 02:00:00,1070463
2022-08-11 04:00:00,1070520
2022-08-11 06:00:00,1070560
2022-08-11 08:00:00,1070570
2022-08-11 10:00:00,1070546
2022-08-11 12:00:00,1070553
2022-08-11 14:00:00,1070558
2022-08-11 16:00:00,1070565
2022-08-11 18:00:00,1070516
2022-08-11 20:00:00,1075161
2022-08-11 22:00:00,1075156
2022-08-12 00:00:00,1317946
2022-08-12 02:00:00,1317946
2022-08-12 04:00:00,1317941
2022-08-12 06:00:00,1322060
2022-08-12 08:00:00,1322049
2022-08-12 10:00:00,1322060
2022-08-12 12:00:00,1322057
2022-08-12 14:00:00,1322132
2022-08-12 16:00:00,1322048
2022-08-12 18:00:00,1322011
2022-08-12 20:00:00,1324066
2022-08-12 22:00:00,1324624
2022-08-13 00:00:00,1324651
2022-08-13 02:00:00,1324655
2022-08-13 04:00:00,1324655
2022-08-13 06:00:00,1324673
2022-08-13 08:00:00,1324674
2022-08-13 10:00:00,1329079
2022-08-13 12:00:00,1329084
2022-08-13 14:00:00,1329070
2022-08-13 16:00:00,1329065
2022-08-13 18:00:00,1329084
2022-08-13 20:00:00,1329400
2022-08-13 22:00:00,1350394
2022-08-14 00:00:00,1350356
2022-08-14 02:00:00,1350247
2022-08-14 04:00:00,1350247
2022-08-14 06:00:00,1351263
2022-08-14 08:00:00,1351233
2022-08-14 10:00:00,1351289
2022-08-14 12:00:00,1351259
2022-08-14 14:00:00,1351260
2022-08-14 16:00:00,1351314
2022-08-14 18:00:00,1345190
2022-08-14 20:00:00,1346068
2022-08-14 22:00:00,1346065
2022-08-15 00:00:00,1346060
2022-08-15 02:00:00,1346060
2022-08-15 04:00:00,1346166
2022-08-15 06:00:00,1346151
2022-08-15 08:00:00,1349211
2022-08-15 10:00:00,1349596
2022-08-15 12:00:00,1354911
2022-08-15 14:00:00,1355066
2022-08-15 16:00:00,1355583
2022-08-15 18:00:00,1355419
2022-08-15 20:00:00,1355859
2022-08-15 22:00:00,1355908
2022-08-16 00:00:00,1355896
2022-08-16 02:00:00,1355843
2022-08-16 04:00:00,1355951
2022-08-16 06:00:00,1356019
2022-08-16 08:00:00,1356121
2022-08-16 10:00:00,1356128
2022-08-16 12:00:00,1359009
2022-08-16 14:00:00,1359012
2022-08-16 16:00:00,1359007
2022-08-16 18:00:00,1359033
2022-08-16 20:00:00,1374409
2022-08-16 22:00:00,1377344
2022-08-17 00:00:00,1377339
2022-08-17 02:00:00,1377339
2022-08-17 04:00:00,1377339
2022-08-17 06:00:00,1492657
2022-08-17 08:00:00,1492646
2022-08-17 10:00:00,1492652
2022-08-17 12:00:00,1492868
2022-08-17 14:00:00,1492861
2022-08-17 16:00:00,1492878
2022-08-17 18:00:00,1492947
2022-08-17 20:00:00,1495100
2022-08-17 22:00:00,1495101
2022-08-18 00:00:00,1495107
2022-08-18 02:00:00,1495669
2022-08-18 04:00:00,1495669
2022-08-18 06:00:00,1495669
2022-08-18 08:00:00,1495687
2022-08-18 10:00:00,1495676
2022-08-18 12:00:00,1495640
2022-08-18 14:00:00,1495618
2022-08-18 16:00:00,1495613
2022-08-18 18:00:00,1495655
2022-08-18 20:00:00,1496227
2022-08-18 22:00:00,1496226
2022-08-19 00:00:00,1496263
2022-08-19 02:00:00,1496227
2022-08-19 04:00:00,1496374
2022-08-19 06:00:00,1496368
2022-08-19 08:00:00,1496365
2022-08-19 10:00:00,1525776
2022-08-19 12:00:00,1525848
2022-08-19 14:00:00,1525852
2022-08-19 16:00:00,1525835
2022-08-19 18:00:00,1525835
2022-08-19 20:00:00,1526335
2022-08-19 22:00:00,1526331
2022-08-20 00:00:00,1526331
2022-08-20 02:00:00,1526419
2022-08-20 04:00:00,1526419
2022-08-20 06:00:00,1526419
2022-08-20 08:00:00,1526452
2022-08-20 10:00:00,1526746
2022-08-20 12:00:00,1526995
2022-08-20 14:00:00,1527098
2022-08-20 16:00:00,1527097
2022-08-20 18:00:00,1527100
2022-08-20 20:00:00,1527679
2022-08-20 22:00:00,1527911
2022-08-21 00:00:00,1527911
2022-08-21 02:00:00,1527911
2022-08-21 04:00:00,1527915
2022-08-21 06:00:00,1527919
2022-08-21 08:00:00,1527919
2022-08-21 10:00:00,1527957
2022-08-21 12:00:00,1527957
2022-08-21 14:00:00,1527709
2022-08-21 16:00:00,1527717
2022-08-21 18:00:00,1527894
2022-08-21 20:00:00,1528241
2022-08-21 22:00:00,1528928
2022-08-22 00:00:00,1528948
2022-08-22 02:00:00,1528947
2022-08-22 04:00:00,1528947
2022-08-22 06:00:00,1528842
2022-08-22 08:00:00,1529097
2022-08-22 10:00:00,1529090
2022-08-22 12:00:00,1529081
2022-08-22 14:00:00,1529152
2022-08-22 16:00:00,1529172
2022-08-22 18:00:00,1529212
2022-08-22 20:00:00,1529786
2022-08-22 22:00:00,1529812
2022-08-23 00:00:00,1529837
2022-08-23 02:00:00,1529837
2022-08-23 04:00:00,1529837
2022-08-23 06:00:00,1529837
2022-08-23 08:00:00,1529837
2022-08-23 10:00:00,1544847
2022-08-23 12:00:00,1544867
2022-08-23 14:00:00,1544873
2022-08-23 16:00:00,1544866
2022-08-23 18:00:00,1620060
2022-08-23 20:00:00,1620764
2022-08-23 22:00:00,1623864
2022-08-24 00:00:00,1623864
2022-08-24 02:00:00,1623883
2022-08-24 04:00:00,1623883
2022-08-24 06:00:00,1623883
2022-08-24 08:00:00,1623883
2022-08-24 10:00:00,1623887
2022-08-24 12:00:00,1623887
2022-08-24 14:00:00,1623939
2022-08-24 16:00:00,1623938
2022-08-24 18:00:00,1623938
2022-08-24 20:00:00,1624605
2022-08-24 22:00:00,1625649
2022-08-25 00:00:00,1625658
2022-08-25 02:00:00,1625690
2022-08-25 04:00:00,1625695
2022-08-25 06:00:00,1625695
2022-08-25 08:00:00,1625695
2022-08-25 10:00:00,1625695
2022-08-25 12:00:00,1625695
2022-08-25 14:00:00,1625683
2022-08-25 16:00:00,1625706
2022-08-25 18:00:00,1625535
2022-08-25 20:00:00,1626148
2022-08-25 22:00:00,1626144
2022-08-26 00:00:00,1626144
2022-08-26 02:00:00,1735973
2022-08-26 04:00:00,1735966
2022-08-26 06:00:00,1735976
2022-08-26 08:00:00,1735976
2022-08-26 10:00:00,1735412
2022-08-26 12:00:00,1735437
2022-08-26 14:00:00,1735590
2022-08-26 16:00:00,1735591
2022-08-26 18:00:00,1735522
2022-08-26 20:00:00,1731325
2022-08-26 22:00:00,1731325
2022-08-27 00:00:00,1731325
2022-08-27 02:00:00,1731395
2022-08-27 04:00:00,1731495
2022-08-27 06:00:00,1731515
2022-08-27 08:00:00,1731517
2022-08-27 10:00:00,1731515
2022-08-27 12:00:00,1731515
2022-08-27 14:00:00,1731632
2022-08-27 16:00:00,1731635
2022-08-27 18:00:00,1731628
2022-08-27 20:00:00,1732267
2022-08-27 22:00:00,1732671
2022-08-28 00:00:00,1732671
2022-08-28 02:00:00,1732671
2022-08-28 04:00:00,1732671
2022-08-28 06:00:00,1732671
2022-08-28 08:00:00,1732720
2022-08-28 10:00:00,1732720
2022-08-28 12:00:00,1732762
2022-08-28 14:00:00,1732764
2022-08-28 16:00:00,1732764
2022-08-28 18:00:00,1732764
2022-08-28 20:00:00,1733459
2022-08-28 22:00:00,1733486
2022-08-29 00:00:00,1720960
2022-08-29 02:00:00,1720960
2022-08-29 04:00:00,1720959
2022-08-29 06:00:00,1721057
2022-08-29 08:00:00,1721057
2022-08-29 10:00:00,1720908
2022-08-29 12:00:00,1720908
2022-08-29 14:00:00,1720908
2022-08-29 16:00:00,1720900
2022-08-29 18:00:00,1720981
2022-08-29 20:00:00,1721705
2022-08-29 22:00:00,1721959
2022-08-30 00:00:00,1721972
2022-08-30 02:00:00,1721993
2022-08-30 04:00:00,1721993
2022-08-30 06:00:00,1721993
2022-08-30 08:00:00,1722781
2022-08-30 10:00:00,1722781
2022-08-30 12:00:00,1723004
2022-08-30 14:00:00,1726055
2022-08-30 16:00:00,1726072
2022-08-30 18:00:00,1726093
2022-08-30 20:00:00,1726748
2022-08-30 22:00:00,1726748
2022-08-31 00:00:00,1726659
2022-08-31 02:00:00,1726668
2022-08-31 04:00:00,1726668
2022-08-31 06:00:00,1726668
2022-08-31 08:00:00,1726692
2022-08-31 10:00:00,1726693
2022-08-31 12:00:00,1726692
2022-08-31 14:00:00,1726686
2022-08-31 16:00:00,1727348
2022-08-31 18:00:00,1727495
2022-08-31 20:00:00,1728711
2022-08-31 22:00:00,1728705
2022-09-01 00:00:00,1730521
2022-09-01 02:00:00,1730885
2022-09-01 04:00:00,1730885
2022-09-01 06:00:00,1730875
2022-09-01 08:00:00,1730878
2022-09-01 10:00:00,1731081
2022-09-01 12:00:00,1731081
2022-09-01 14:00:00,1731227
2022-09-01 16:00:00,1731272
2022-09-01 18:00:00,1731272
2022-09-01 20:00:00,1731883
2022-09-01 22:00:00,1732021
2022-09-02 00:00:00,1732469
2022-09-02 02:00:00,1732469
2022-09-02 04:00:00,1732585
2022-09-02 06:00:00,1733374
2022-09-02 08:00:00,1733374
2022-09-02 10:00:00,1733467
2022-09-02 12:00:00,1733467
2022-09-02 14:00:00,1733481
2022-09-02 16:00:00,1733484
2022-09-02 18:00:00,1733568
2022-09-02 20:00:00,1734367
2022-09-02 22:00:00,1734387
2022-09-03 00:00:00,1734380
2022-09-03 02:00:00,1734380
2022-09-03 04:00:00,1734700
2022-09-03 06:00:00,1735368
2022-09-03 08:00:00,1735368
2022-09-03 10:00:00,1735368
2022-09-03 12:00:00,1735371
2022-09-03 14:00:00,1732344
2022-09-03 16:00:00,1732466
2022-09-03 18:00:00,1732472
2022-09-03 20:00:00,1733011
2022-09-03 22:00:00,1733051
2022-09-04 00:00:00,1733105
2022-09-04 02:00:00,1733105
2022-09-04 04:00:00,1733119
2022-09-04 06:00:00,1733123
2022-09-04 08:00:00,1733136
2022-09-04 10:00:00,1733689
2022-09-04 12:00:00,1733699
2022-09-04 14:00:00,1734158
2022-09-04 16:00:00,1734152
2022-09-04 18:00:00,1733590
2022-09-04 20:00:00,1734471
2022-09-04 22:00:00,1734816
2022-09-05 00:00:00,1735977
2022-09-05 02:00:00,1735977
2022-09-05 04:00:00,1736203
2022-09-05 06:00:00,1736205
2022-09-05 08:00:00,1736580
2022-09-05 10:00:00,1736580
2022-09-05 12:00:00,1736850
2022-09-05 14:00:00,1736859
2022-09-05 16:00:00,1737044
2022-09-05 18:00:00,1737257
2022-09-05 20:00:00,1737631
2022-09-05 22:00:00,1737910
2022-09-06 00:00:00,1737942
2022-09-06 02:00:00,1738075
2022-09-06 04:00:00,1738108
2022-09-06 06:00:00,1738108
2022-09-06 08:00:00,1738107
2022-09-06 10:00:00,1738549
2022-09-06 12:00:00,1738821
2022-09-06 14:00:00,1739294
2022-09-06 16:00:00,1739364
2022-09-06 18:00:00,1739384
2022-09-06 20:00:00,1740249
2022-09-06 22:00:00,1740221
2022-09-07 00:00:00,1740221
2022-09-07 02:00:00,1740261
2022-09-07 04:00:00,1740261
2022-09-07 06:00:00,1740352
2022-09-07 08:00:00,1740339
2022-09-07 10:00:00,1740342
2022-09-07 12:00:00,1740300
2022-09-07 14:00:00,1740295
2022-09-07 16:00:00,1740295
2022-09-07 18:00:00,1740301
2022-09-07 20:00:00,1741017
2022-09-07 22:00:00,1741017
2022-09-08 00:00:00,1741157
2022-09-08 02:00:00,1741170
2022-09-08 04:00:00,1741170
2022-09-08 06:00:00,1741044
2022-09-08 08:00:00,1741870
2022-09-08 10:00:00,1741870
2022-09-08 12:00:00,1743000
2022-09-08 14:00:00,1743076
2022-09-08 16:00:00,1743076
2022-09-08 18:00:00,1743089
2022-09-08 20:00:00,1743425
2022-09-08 22:00:00,1743725
2022-09-09 00:00:00,1743725

